<?xml version="1.0" encoding="UTF-8"?>
<export version="E">
  <design>
    <source>C:\CACAProjectes\CACACocheTeledirigido\KiCad\caca-coche.kicad_sch</source>
    <date>14/03/2022 22:50:11</date>
    <tool>Eeschema (6.0.2)</tool>
    <sheet number="1" name="/" tstamps="/">
      <title_block>
        <title>Esquema Coche Teledirigido</title>
        <company>CACA</company>
        <rev>1</rev>
        <date>2022-03-14</date>
        <source>caca-coche.kicad_sch</source>
        <comment number="1" value="Esquema Coche Teledirigido"/>
        <comment number="2" value=""/>
        <comment number="3" value=""/>
        <comment number="4" value=""/>
        <comment number="5" value=""/>
        <comment number="6" value=""/>
        <comment number="7" value=""/>
        <comment number="8" value=""/>
        <comment number="9" value=""/>
      </title_block>
    </sheet>
  </design>
  <components>
    <comp ref="BT1">
      <value>BT Power Bank-1 5v</value>
      <libsource lib="caca-coche-rescue" part="Battery_Cell" description=""/>
      <property name="Sheetname" value=""/>
      <property name="Sheetfile" value="caca-coche.kicad_sch"/>
      <sheetpath names="/" tstamps="/"/>
      <tstamps>00000000-0000-0000-0000-00005a86a266</tstamps>
    </comp>
    <comp ref="BT2">
      <value>BT Power Bank-2 5v</value>
      <libsource lib="caca-coche-rescue" part="Battery_Cell" description=""/>
      <property name="Sheetname" value=""/>
      <property name="Sheetfile" value="caca-coche.kicad_sch"/>
      <sheetpath names="/" tstamps="/"/>
      <tstamps>ec9ae8c7-466d-42ac-9b50-d0c0b542a5a8</tstamps>
    </comp>
    <comp ref="J1">
      <value>USB_A_5A</value>
      <libsource lib="Connector" part="USB3_A" description="USB 3.0 A connector"/>
      <property name="Sheetname" value=""/>
      <property name="Sheetfile" value="caca-coche.kicad_sch"/>
      <sheetpath names="/" tstamps="/"/>
      <tstamps>03b222f2-b421-4321-bd3f-6d6f6cf41dce</tstamps>
    </comp>
    <comp ref="J2">
      <value>USB_A_10A</value>
      <libsource lib="Connector" part="USB3_A" description="USB 3.0 A connector"/>
      <property name="Sheetname" value=""/>
      <property name="Sheetfile" value="caca-coche.kicad_sch"/>
      <sheetpath names="/" tstamps="/"/>
      <tstamps>ad21907b-ae03-4640-a265-427e12e8c6c2</tstamps>
    </comp>
    <comp ref="J3">
      <value>USB_A</value>
      <datasheet> ~</datasheet>
      <libsource lib="Connector" part="USB_A" description="USB Type A connector"/>
      <property name="Sheetname" value=""/>
      <property name="Sheetfile" value="caca-coche.kicad_sch"/>
      <sheetpath names="/" tstamps="/"/>
      <tstamps>ca75c077-f24e-4105-bb17-e07a86a020b8</tstamps>
    </comp>
    <comp ref="J4">
      <value>USB_A</value>
      <datasheet> ~</datasheet>
      <libsource lib="Connector" part="USB_A" description="USB Type A connector"/>
      <property name="Sheetname" value=""/>
      <property name="Sheetfile" value="caca-coche.kicad_sch"/>
      <sheetpath names="/" tstamps="/"/>
      <tstamps>c6ceaac4-0e66-4daa-a988-b3dbb7d50398</tstamps>
    </comp>
    <comp ref="J5">
      <value>Aduino Micro</value>
      <footprint>Atmega32U4</footprint>
      <libsource lib="caca-coche-rescue" part="CONN_02X12" description=""/>
      <property name="Sheetname" value=""/>
      <property name="Sheetfile" value="caca-coche.kicad_sch"/>
      <sheetpath names="/" tstamps="/"/>
      <tstamps>00000000-0000-0000-0000-00005a8562f1</tstamps>
    </comp>
    <comp ref="J6">
      <value>Conn_01x04_Female</value>
      <libsource lib="Connector" part="Conn_01x04_Female" description="Generic connector, single row, 01x04, script generated (kicad-library-utils/schlib/autogen/connector/)"/>
      <property name="Sheetname" value=""/>
      <property name="Sheetfile" value="caca-coche.kicad_sch"/>
      <sheetpath names="/" tstamps="/"/>
      <tstamps>01ded01d-eb09-4ea9-9c94-df7e78135d96</tstamps>
    </comp>
    <comp ref="J7">
      <value>Conn_Servo1_M</value>
      <libsource lib="caca-coche-rescue" part="Conn_01x03_Male" description=""/>
      <property name="Sheetname" value=""/>
      <property name="Sheetfile" value="caca-coche.kicad_sch"/>
      <sheetpath names="/" tstamps="/"/>
      <tstamps>00000000-0000-0000-0000-00005a8a108d</tstamps>
    </comp>
    <comp ref="J8">
      <value>Conn_Servo2_M</value>
      <libsource lib="caca-coche-rescue" part="Conn_01x03_Male" description=""/>
      <property name="Sheetname" value=""/>
      <property name="Sheetfile" value="caca-coche.kicad_sch"/>
      <sheetpath names="/" tstamps="/"/>
      <tstamps>00000000-0000-0000-0000-00005ef0cc0e</tstamps>
    </comp>
    <comp ref="J9">
      <value>Conn_Servo3_M</value>
      <libsource lib="caca-coche-rescue" part="Conn_01x03_Male" description=""/>
      <property name="Sheetname" value=""/>
      <property name="Sheetfile" value="caca-coche.kicad_sch"/>
      <sheetpath names="/" tstamps="/"/>
      <tstamps>9fb0aa3b-30f7-4eca-97d6-89e98fec79fb</tstamps>
    </comp>
    <comp ref="J10">
      <value>Conn_M1_M</value>
      <libsource lib="caca-coche-rescue" part="Conn_01x02_Male" description=""/>
      <property name="Sheetname" value=""/>
      <property name="Sheetfile" value="caca-coche.kicad_sch"/>
      <sheetpath names="/" tstamps="/"/>
      <tstamps>00000000-0000-0000-0000-00005a86ca75</tstamps>
    </comp>
    <comp ref="J11">
      <value>Conn_01x04_Male</value>
      <libsource lib="Connector" part="Conn_01x04_Male" description="Generic connector, single row, 01x04, script generated (kicad-library-utils/schlib/autogen/connector/)"/>
      <property name="Sheetname" value=""/>
      <property name="Sheetfile" value="caca-coche.kicad_sch"/>
      <sheetpath names="/" tstamps="/"/>
      <tstamps>da1e1db6-acfd-4b48-8de3-bf4a7021f3c4</tstamps>
    </comp>
    <comp ref="J12">
      <value>Conn_Servo1_F</value>
      <libsource lib="caca-coche-rescue" part="Conn_01x03_Female" description=""/>
      <property name="Sheetname" value=""/>
      <property name="Sheetfile" value="caca-coche.kicad_sch"/>
      <sheetpath names="/" tstamps="/"/>
      <tstamps>00000000-0000-0000-0000-00005a8a1dc3</tstamps>
    </comp>
    <comp ref="J13">
      <value>Conn_Servo2_F</value>
      <libsource lib="caca-coche-rescue" part="Conn_01x03_Female" description=""/>
      <property name="Sheetname" value=""/>
      <property name="Sheetfile" value="caca-coche.kicad_sch"/>
      <sheetpath names="/" tstamps="/"/>
      <tstamps>00000000-0000-0000-0000-00005ef0cc1a</tstamps>
    </comp>
    <comp ref="J14">
      <value>Conn_Servo3_F</value>
      <libsource lib="caca-coche-rescue" part="Conn_01x03_Female" description=""/>
      <property name="Sheetname" value=""/>
      <property name="Sheetfile" value="caca-coche.kicad_sch"/>
      <sheetpath names="/" tstamps="/"/>
      <tstamps>a04d9f7f-2fb8-4512-8dda-3a4d4283b053</tstamps>
    </comp>
    <comp ref="J15">
      <value>Conn_M1_F</value>
      <libsource lib="caca-coche-rescue" part="Conn_01x02_Female" description=""/>
      <property name="Sheetname" value=""/>
      <property name="Sheetfile" value="caca-coche.kicad_sch"/>
      <sheetpath names="/" tstamps="/"/>
      <tstamps>00000000-0000-0000-0000-00005a8a4344</tstamps>
    </comp>
    <comp ref="J16">
      <value>HC-05 Bluetooth</value>
      <libsource lib="caca-coche-rescue" part="CONN_01X04" description=""/>
      <property name="Sheetname" value=""/>
      <property name="Sheetfile" value="caca-coche.kicad_sch"/>
      <sheetpath names="/" tstamps="/"/>
      <tstamps>00000000-0000-0000-0000-00005edad81a</tstamps>
    </comp>
    <comp ref="K1">
      <value>Commutador Sentido</value>
      <footprint>Relay_THT:Relay_DPDT_FRT5</footprint>
      <datasheet>http://www.azettler.com/pdfs/az850.pdf</datasheet>
      <libsource lib="Relay" part="AZ850-x" description="American Zettler, Microminiature Polarised Dual Pole Relay"/>
      <property name="Sheetname" value=""/>
      <property name="Sheetfile" value="caca-coche.kicad_sch"/>
      <sheetpath names="/" tstamps="/"/>
      <tstamps>fdfa6a07-b899-4d73-a1f1-9a8c04e856bd</tstamps>
    </comp>
    <comp ref="M1">
      <value>M1_DC_UNIDAD POTENCIA</value>
      <libsource lib="caca-coche-rescue" part="Motor_DC" description=""/>
      <property name="Sheetname" value=""/>
      <property name="Sheetfile" value="caca-coche.kicad_sch"/>
      <sheetpath names="/" tstamps="/"/>
      <tstamps>00000000-0000-0000-0000-00005edb6ac0</tstamps>
    </comp>
    <comp ref="MS1">
      <value>Motor_Servo1_DIRECCION</value>
      <libsource lib="caca-coche-rescue" part="Motor_Servo" description=""/>
      <property name="Sheetname" value=""/>
      <property name="Sheetfile" value="caca-coche.kicad_sch"/>
      <sheetpath names="/" tstamps="/"/>
      <tstamps>00000000-0000-0000-0000-00005a8a1bd9</tstamps>
    </comp>
    <comp ref="MS2">
      <value>Motor_Servo2_ACELERADOR</value>
      <libsource lib="caca-coche-rescue" part="Motor_Servo" description=""/>
      <property name="Sheetname" value=""/>
      <property name="Sheetfile" value="caca-coche.kicad_sch"/>
      <sheetpath names="/" tstamps="/"/>
      <tstamps>00000000-0000-0000-0000-00005ef0cc14</tstamps>
    </comp>
    <comp ref="MS3">
      <value>Motor_Servo3_CAMBIO SENTIDO</value>
      <libsource lib="caca-coche-rescue" part="Motor_Servo" description=""/>
      <property name="Sheetname" value=""/>
      <property name="Sheetfile" value="caca-coche.kicad_sch"/>
      <sheetpath names="/" tstamps="/"/>
      <tstamps>92a6415f-cdd6-4513-8cfe-6c1b1fc7d7ab</tstamps>
    </comp>
    <comp ref="R1">
      <value>R_Variable_ACELERADOR</value>
      <libsource lib="Device" part="R_Variable_US" description="Variable resistor, US symbol"/>
      <property name="Sheetname" value=""/>
      <property name="Sheetfile" value="caca-coche.kicad_sch"/>
      <sheetpath names="/" tstamps="/"/>
      <tstamps>9c1adfe4-75ab-4ee7-bf92-028c30eb5e77</tstamps>
    </comp>
    <comp ref="R2">
      <value>10KΩ</value>
      <libsource lib="caca-coche-rescue" part="R" description=""/>
      <property name="Sheetname" value=""/>
      <property name="Sheetfile" value="caca-coche.kicad_sch"/>
      <sheetpath names="/" tstamps="/"/>
      <tstamps>00000000-0000-0000-0000-00005edd30d5</tstamps>
    </comp>
    <comp ref="SW1">
      <value>SW_RESET</value>
      <libsource lib="caca-coche-rescue" part="SW_Push" description=""/>
      <property name="Sheetname" value=""/>
      <property name="Sheetfile" value="caca-coche.kicad_sch"/>
      <sheetpath names="/" tstamps="/"/>
      <tstamps>00000000-0000-0000-0000-00005edd2f39</tstamps>
    </comp>
  </components>
  <libparts>
    <libpart lib="Connector" part="Conn_01x04_Female">
      <description>Generic connector, single row, 01x04, script generated (kicad-library-utils/schlib/autogen/connector/)</description>
      <docs>~</docs>
      <footprints>
        <fp>Connector*:*_1x??_*</fp>
      </footprints>
      <fields>
        <field name="Reference">J</field>
        <field name="Value">Conn_01x04_Female</field>
        <field name="Datasheet">~</field>
      </fields>
      <pins>
        <pin num="1" name="Pin_1" type="passive"/>
        <pin num="2" name="Pin_2" type="passive"/>
        <pin num="3" name="Pin_3" type="passive"/>
        <pin num="4" name="Pin_4" type="passive"/>
      </pins>
    </libpart>
    <libpart lib="Connector" part="Conn_01x04_Male">
      <description>Generic connector, single row, 01x04, script generated (kicad-library-utils/schlib/autogen/connector/)</description>
      <docs>~</docs>
      <footprints>
        <fp>Connector*:*_1x??_*</fp>
      </footprints>
      <fields>
        <field name="Reference">J</field>
        <field name="Value">Conn_01x04_Male</field>
        <field name="Datasheet">~</field>
      </fields>
      <pins>
        <pin num="1" name="Pin_1" type="passive"/>
        <pin num="2" name="Pin_2" type="passive"/>
        <pin num="3" name="Pin_3" type="passive"/>
        <pin num="4" name="Pin_4" type="passive"/>
      </pins>
    </libpart>
    <libpart lib="Connector" part="USB3_A">
      <description>USB 3.0 A connector</description>
      <docs>~</docs>
      <fields>
        <field name="Reference">J</field>
        <field name="Value">USB3_A</field>
        <field name="Datasheet">~</field>
      </fields>
      <pins>
        <pin num="1" name="VBUS" type="power_in"/>
        <pin num="2" name="D-" type="bidirectional"/>
        <pin num="3" name="D+" type="bidirectional"/>
        <pin num="4" name="GND" type="power_in"/>
        <pin num="5" name="SSRX-" type="output"/>
        <pin num="6" name="SSRX+" type="output"/>
        <pin num="7" name="DRAIN" type="passive"/>
        <pin num="8" name="SSTX-" type="input"/>
        <pin num="9" name="SSTX+" type="input"/>
        <pin num="10" name="SHIELD" type="passive"/>
      </pins>
    </libpart>
    <libpart lib="Connector" part="USB_A">
      <description>USB Type A connector</description>
      <docs> ~</docs>
      <footprints>
        <fp>USB*</fp>
      </footprints>
      <fields>
        <field name="Reference">J</field>
        <field name="Value">USB_A</field>
        <field name="Datasheet"> ~</field>
      </fields>
      <pins>
        <pin num="1" name="VBUS" type="power_in"/>
        <pin num="2" name="D-" type="bidirectional"/>
        <pin num="3" name="D+" type="bidirectional"/>
        <pin num="4" name="GND" type="power_in"/>
        <pin num="5" name="Shield" type="passive"/>
      </pins>
    </libpart>
    <libpart lib="Device" part="R_Variable_US">
      <description>Variable resistor, US symbol</description>
      <docs>~</docs>
      <footprints>
        <fp>R_*</fp>
      </footprints>
      <fields>
        <field name="Reference">R</field>
        <field name="Value">R_Variable_US</field>
        <field name="Datasheet">~</field>
      </fields>
      <pins>
        <pin num="1" name="" type="passive"/>
        <pin num="2" name="" type="passive"/>
      </pins>
    </libpart>
    <libpart lib="Relay" part="AZ850-x">
      <description>American Zettler, Microminiature Polarised Dual Pole Relay</description>
      <docs>http://www.azettler.com/pdfs/az850.pdf</docs>
      <footprints>
        <fp>Relay*DPDT*FRT5*</fp>
      </footprints>
      <fields>
        <field name="Reference">K</field>
        <field name="Value">AZ850-x</field>
        <field name="Footprint">Relay_THT:Relay_DPDT_FRT5</field>
        <field name="Datasheet">http://www.azettler.com/pdfs/az850.pdf</field>
      </fields>
      <pins>
        <pin num="1" name="" type="passive"/>
        <pin num="2" name="" type="passive"/>
        <pin num="3" name="" type="passive"/>
        <pin num="4" name="" type="passive"/>
        <pin num="7" name="" type="passive"/>
        <pin num="8" name="" type="passive"/>
        <pin num="9" name="" type="passive"/>
        <pin num="10" name="" type="passive"/>
      </pins>
    </libpart>
    <libpart lib="caca-coche-rescue" part="Battery_Cell">
      <fields>
        <field name="Reference">BT</field>
        <field name="Value">Battery_Cell</field>
      </fields>
      <pins>
        <pin num="1" name="+" type="passive"/>
        <pin num="2" name="-" type="passive"/>
      </pins>
    </libpart>
    <libpart lib="caca-coche-rescue" part="CONN_01X04">
      <footprints>
        <fp>Pin_Header_Straight_1X04</fp>
        <fp>Pin_Header_Angled_1X04</fp>
        <fp>Socket_Strip_Straight_1X04</fp>
        <fp>Socket_Strip_Angled_1X04</fp>
      </footprints>
      <fields>
        <field name="Reference">P</field>
        <field name="Value">CONN_01X04</field>
      </fields>
      <pins>
        <pin num="1" name="P1" type="passive"/>
        <pin num="2" name="P2" type="passive"/>
        <pin num="3" name="P3" type="passive"/>
        <pin num="4" name="P4" type="passive"/>
      </pins>
    </libpart>
    <libpart lib="caca-coche-rescue" part="CONN_02X12">
      <footprints>
        <fp>Pin_Header_Straight_2X12</fp>
        <fp>Pin_Header_Angled_2X12</fp>
        <fp>Socket_Strip_Straight_2X12</fp>
        <fp>Socket_Strip_Angled_2X12</fp>
      </footprints>
      <fields>
        <field name="Reference">P</field>
        <field name="Value">CONN_02X12</field>
      </fields>
      <pins>
        <pin num="1" name="P1" type="passive"/>
        <pin num="2" name="P2" type="passive"/>
        <pin num="3" name="P3" type="passive"/>
        <pin num="4" name="P4" type="passive"/>
        <pin num="5" name="P5" type="passive"/>
        <pin num="6" name="P6" type="passive"/>
        <pin num="7" name="P7" type="passive"/>
        <pin num="8" name="P8" type="passive"/>
        <pin num="9" name="P9" type="passive"/>
        <pin num="10" name="P10" type="passive"/>
        <pin num="11" name="P11" type="passive"/>
        <pin num="12" name="P12" type="passive"/>
        <pin num="13" name="P13" type="passive"/>
        <pin num="14" name="P14" type="passive"/>
        <pin num="15" name="P15" type="passive"/>
        <pin num="16" name="P16" type="passive"/>
        <pin num="17" name="P17" type="passive"/>
        <pin num="18" name="P18" type="passive"/>
        <pin num="19" name="P19" type="passive"/>
        <pin num="20" name="P20" type="passive"/>
        <pin num="21" name="P21" type="passive"/>
        <pin num="22" name="P22" type="passive"/>
        <pin num="23" name="P23" type="passive"/>
        <pin num="24" name="P24" type="passive"/>
      </pins>
    </libpart>
    <libpart lib="caca-coche-rescue" part="Conn_01x02_Female">
      <footprints>
        <fp>Connector*:*_??x*mm*</fp>
        <fp>Connector*:*1x??x*mm*</fp>
        <fp>Socket?Strip?Straight?1X*</fp>
        <fp>Socket?Strip?Angled?1X*</fp>
      </footprints>
      <fields>
        <field name="Reference">J</field>
        <field name="Value">Conn_01x02_Female</field>
      </fields>
      <pins>
        <pin num="1" name="Pin_1" type="passive"/>
        <pin num="2" name="Pin_2" type="passive"/>
      </pins>
    </libpart>
    <libpart lib="caca-coche-rescue" part="Conn_01x02_Male">
      <footprints>
        <fp>Connector*:*_??x*mm*</fp>
        <fp>Connector*:*1x??x*mm*</fp>
        <fp>Pin?Header?Straight?1X*</fp>
        <fp>Pin?Header?Angled?1X*</fp>
      </footprints>
      <fields>
        <field name="Reference">J</field>
        <field name="Value">Conn_01x02_Male</field>
      </fields>
      <pins>
        <pin num="1" name="Pin_1" type="passive"/>
        <pin num="2" name="Pin_2" type="passive"/>
      </pins>
    </libpart>
    <libpart lib="caca-coche-rescue" part="Conn_01x03_Female">
      <footprints>
        <fp>Connector*:*_??x*mm*</fp>
        <fp>Connector*:*1x??x*mm*</fp>
        <fp>Socket?Strip?Straight?1X*</fp>
        <fp>Socket?Strip?Angled?1X*</fp>
      </footprints>
      <fields>
        <field name="Reference">J</field>
        <field name="Value">Conn_01x03_Female</field>
      </fields>
      <pins>
        <pin num="1" name="Pin_1" type="passive"/>
        <pin num="2" name="Pin_2" type="passive"/>
        <pin num="3" name="Pin_3" type="passive"/>
      </pins>
    </libpart>
    <libpart lib="caca-coche-rescue" part="Conn_01x03_Male">
      <footprints>
        <fp>Connector*:*_??x*mm*</fp>
        <fp>Connector*:*1x??x*mm*</fp>
        <fp>Pin?Header?Straight?1X*</fp>
        <fp>Pin?Header?Angled?1X*</fp>
      </footprints>
      <fields>
        <field name="Reference">J</field>
        <field name="Value">Conn_01x03_Male</field>
      </fields>
      <pins>
        <pin num="1" name="Pin_1" type="passive"/>
        <pin num="2" name="Pin_2" type="passive"/>
        <pin num="3" name="Pin_3" type="passive"/>
      </pins>
    </libpart>
    <libpart lib="caca-coche-rescue" part="Motor_DC">
      <footprints>
        <fp>Pin_Headers:Pin_Header_Straight_1x02</fp>
        <fp>Connect:bornier2</fp>
        <fp>TerminalBlock*2pol</fp>
      </footprints>
      <fields>
        <field name="Reference">M</field>
        <field name="Value">Motor_DC</field>
      </fields>
      <pins>
        <pin num="1" name="+" type="passive"/>
        <pin num="2" name="-" type="passive"/>
      </pins>
    </libpart>
    <libpart lib="caca-coche-rescue" part="Motor_Servo">
      <footprints>
        <fp>Pin_Headers:Pin_Header_Straight_1x03</fp>
      </footprints>
      <fields>
        <field name="Reference">M</field>
        <field name="Value">Motor_Servo</field>
      </fields>
      <pins>
        <pin num="1" name="PWM" type="passive"/>
        <pin num="2" name="+" type="passive"/>
        <pin num="3" name="-" type="passive"/>
      </pins>
    </libpart>
    <libpart lib="caca-coche-rescue" part="R">
      <footprints>
        <fp>R_*</fp>
        <fp>Resistor_*</fp>
      </footprints>
      <fields>
        <field name="Reference">R</field>
        <field name="Value">R</field>
      </fields>
      <pins>
        <pin num="1" name="" type="passive"/>
        <pin num="2" name="" type="passive"/>
      </pins>
    </libpart>
    <libpart lib="caca-coche-rescue" part="SW_Push">
      <fields>
        <field name="Reference">SW</field>
        <field name="Value">SW_Push</field>
      </fields>
      <pins>
        <pin num="1" name="1" type="passive"/>
        <pin num="2" name="2" type="passive"/>
      </pins>
    </libpart>
  </libparts>
  <libraries>
    <library logical="Connector">
      <uri>C:\Program Files\KiCad 6.0\share\kicad\symbols\/Connector.kicad_sym</uri>
    </library>
    <library logical="Device">
      <uri>C:\Program Files\KiCad 6.0\share\kicad\symbols\/Device.kicad_sym</uri>
    </library>
    <library logical="Relay">
      <uri>C:\Program Files\KiCad 6.0\share\kicad\symbols\/Relay.kicad_sym</uri>
    </library>
  </libraries>
  <nets>
    <net code="1" name="/Marrón">
      <node ref="J12" pin="3" pinfunction="Pin_3" pintype="passive"/>
      <node ref="J13" pin="3" pinfunction="Pin_3" pintype="passive"/>
      <node ref="J14" pin="3" pinfunction="Pin_3" pintype="passive"/>
      <node ref="MS1" pin="3" pinfunction="-" pintype="passive"/>
      <node ref="MS2" pin="3" pinfunction="-" pintype="passive"/>
      <node ref="MS3" pin="3" pinfunction="-" pintype="passive"/>
    </net>
    <net code="2" name="/Naranja">
      <node ref="J12" pin="1" pinfunction="Pin_1" pintype="passive"/>
      <node ref="J13" pin="1" pinfunction="Pin_1" pintype="passive"/>
      <node ref="J14" pin="1" pinfunction="Pin_1" pintype="passive"/>
      <node ref="MS1" pin="1" pinfunction="PWM" pintype="passive"/>
      <node ref="MS2" pin="1" pinfunction="PWM" pintype="passive"/>
      <node ref="MS3" pin="1" pinfunction="PWM" pintype="passive"/>
    </net>
    <net code="3" name="/PWM3">
      <node ref="J5" pin="11" pinfunction="P11" pintype="passive"/>
      <node ref="J5" pin="17" pinfunction="P17" pintype="passive"/>
      <node ref="J8" pin="1" pinfunction="Pin_1" pintype="passive"/>
      <node ref="J9" pin="1" pinfunction="Pin_1" pintype="passive"/>
    </net>
    <net code="4" name="/PWM9">
      <node ref="J5" pin="23" pinfunction="P23" pintype="passive"/>
      <node ref="J7" pin="1" pinfunction="Pin_1" pintype="passive"/>
    </net>
    <net code="6" name="/RST">
      <node ref="J5" pin="6" pinfunction="P6" pintype="passive"/>
      <node ref="R2" pin="2" pintype="passive"/>
      <node ref="SW1" pin="1" pinfunction="1" pintype="passive"/>
    </net>
    <net code="7" name="/RXD">
      <node ref="J11" pin="4" pinfunction="Pin_4" pintype="passive"/>
      <node ref="J16" pin="4" pinfunction="P4" pintype="passive"/>
      <node ref="J5" pin="3" pinfunction="P3" pintype="passive"/>
      <node ref="J6" pin="3" pinfunction="Pin_3" pintype="passive"/>
    </net>
    <net code="8" name="/Rojo">
      <node ref="J12" pin="2" pinfunction="Pin_2" pintype="passive"/>
      <node ref="J13" pin="2" pinfunction="Pin_2" pintype="passive"/>
      <node ref="J14" pin="2" pinfunction="Pin_2" pintype="passive"/>
      <node ref="MS1" pin="2" pinfunction="+" pintype="passive"/>
      <node ref="MS2" pin="2" pinfunction="+" pintype="passive"/>
      <node ref="MS3" pin="2" pinfunction="+" pintype="passive"/>
    </net>
    <net code="9" name="/TXD">
      <node ref="J11" pin="3" pinfunction="Pin_3" pintype="passive"/>
      <node ref="J16" pin="3" pinfunction="P3" pintype="passive"/>
      <node ref="J5" pin="1" pinfunction="P1" pintype="passive"/>
      <node ref="J6" pin="4" pinfunction="Pin_4" pintype="passive"/>
    </net>
    <net code="10" name="/VCC">
      <node ref="J11" pin="1" pinfunction="Pin_1" pintype="passive"/>
      <node ref="J16" pin="1" pinfunction="P1" pintype="passive"/>
      <node ref="J3" pin="1" pinfunction="VBUS" pintype="power_in"/>
      <node ref="J4" pin="1" pinfunction="VBUS" pintype="power_in"/>
      <node ref="J5" pin="8" pinfunction="P8" pintype="passive"/>
      <node ref="J6" pin="1" pinfunction="Pin_1" pintype="passive"/>
      <node ref="J7" pin="2" pinfunction="Pin_2" pintype="passive"/>
      <node ref="J8" pin="2" pinfunction="Pin_2" pintype="passive"/>
      <node ref="J9" pin="2" pinfunction="Pin_2" pintype="passive"/>
      <node ref="R1" pin="2" pintype="passive"/>
      <node ref="R2" pin="1" pintype="passive"/>
    </net>
    <net code="11" name="Earth">
      <node ref="J11" pin="2" pinfunction="Pin_2" pintype="passive"/>
      <node ref="J16" pin="2" pinfunction="P2" pintype="passive"/>
      <node ref="J5" pin="4" pinfunction="P4" pintype="passive"/>
      <node ref="J6" pin="2" pinfunction="Pin_2" pintype="passive"/>
      <node ref="J7" pin="3" pinfunction="Pin_3" pintype="passive"/>
      <node ref="J8" pin="3" pinfunction="Pin_3" pintype="passive"/>
      <node ref="J9" pin="3" pinfunction="Pin_3" pintype="passive"/>
      <node ref="SW1" pin="2" pinfunction="2" pintype="passive"/>
    </net>
    <net code="12" name="GNDREF">
      <node ref="J3" pin="4" pinfunction="GND" pintype="power_in"/>
      <node ref="J3" pin="5" pinfunction="Shield" pintype="passive"/>
      <node ref="J4" pin="4" pinfunction="GND" pintype="power_in"/>
      <node ref="J4" pin="5" pinfunction="Shield" pintype="passive"/>
      <node ref="J5" pin="5" pinfunction="P5" pintype="passive"/>
      <node ref="J5" pin="7" pinfunction="P7" pintype="passive"/>
      <node ref="K1" pin="10" pintype="passive"/>
      <node ref="K1" pin="4" pintype="passive"/>
      <node ref="K1" pin="9" pintype="passive"/>
    </net>
    <net code="13" name="Net-(BT1-Pad1)">
      <node ref="BT1" pin="1" pinfunction="+" pintype="passive"/>
      <node ref="J1" pin="1" pinfunction="VBUS" pintype="power_in"/>
    </net>
    <net code="14" name="Net-(BT1-Pad2)">
      <node ref="BT1" pin="2" pinfunction="-" pintype="passive"/>
      <node ref="BT2" pin="2" pinfunction="-" pintype="passive"/>
      <node ref="J1" pin="10" pinfunction="SHIELD" pintype="passive"/>
      <node ref="J1" pin="4" pinfunction="GND" pintype="power_in"/>
      <node ref="J2" pin="10" pinfunction="SHIELD" pintype="passive"/>
      <node ref="J2" pin="4" pinfunction="GND" pintype="power_in"/>
    </net>
    <net code="15" name="Net-(BT2-Pad1)">
      <node ref="BT2" pin="1" pinfunction="+" pintype="passive"/>
      <node ref="J2" pin="1" pinfunction="VBUS" pintype="power_in"/>
    </net>
    <net code="16" name="Net-(J10-Pad1)">
      <node ref="J10" pin="1" pinfunction="Pin_1" pintype="passive"/>
      <node ref="K1" pin="3" pintype="passive"/>
    </net>
    <net code="17" name="Net-(J10-Pad2)">
      <node ref="J10" pin="2" pinfunction="Pin_2" pintype="passive"/>
      <node ref="K1" pin="8" pintype="passive"/>
    </net>
    <net code="18" name="Net-(J15-Pad1)">
      <node ref="J15" pin="1" pinfunction="Pin_1" pintype="passive"/>
      <node ref="M1" pin="1" pinfunction="+" pintype="passive"/>
    </net>
    <net code="19" name="Net-(J15-Pad2)">
      <node ref="J15" pin="2" pinfunction="Pin_2" pintype="passive"/>
      <node ref="M1" pin="2" pinfunction="-" pintype="passive"/>
    </net>
    <net code="20" name="Net-(K1-Pad2)">
      <node ref="K1" pin="2" pintype="passive"/>
      <node ref="K1" pin="7" pintype="passive"/>
      <node ref="R1" pin="1" pintype="passive"/>
    </net>
    <net code="21" name="VBUS">
      <node ref="K1" pin="1" pintype="passive"/>
    </net>
    <net code="22" name="unconnected-(J1-Pad2)">
      <node ref="J1" pin="2" pinfunction="D-" pintype="bidirectional"/>
    </net>
    <net code="23" name="unconnected-(J1-Pad3)">
      <node ref="J1" pin="3" pinfunction="D+" pintype="bidirectional"/>
    </net>
    <net code="24" name="unconnected-(J1-Pad5)">
      <node ref="J1" pin="5" pinfunction="SSRX-" pintype="output"/>
    </net>
    <net code="25" name="unconnected-(J1-Pad6)">
      <node ref="J1" pin="6" pinfunction="SSRX+" pintype="output"/>
    </net>
    <net code="26" name="unconnected-(J1-Pad7)">
      <node ref="J1" pin="7" pinfunction="DRAIN" pintype="passive"/>
    </net>
    <net code="27" name="unconnected-(J1-Pad8)">
      <node ref="J1" pin="8" pinfunction="SSTX-" pintype="input"/>
    </net>
    <net code="28" name="unconnected-(J1-Pad9)">
      <node ref="J1" pin="9" pinfunction="SSTX+" pintype="input"/>
    </net>
    <net code="29" name="unconnected-(J2-Pad2)">
      <node ref="J2" pin="2" pinfunction="D-" pintype="bidirectional"/>
    </net>
    <net code="30" name="unconnected-(J2-Pad3)">
      <node ref="J2" pin="3" pinfunction="D+" pintype="bidirectional"/>
    </net>
    <net code="31" name="unconnected-(J2-Pad5)">
      <node ref="J2" pin="5" pinfunction="SSRX-" pintype="output"/>
    </net>
    <net code="32" name="unconnected-(J2-Pad6)">
      <node ref="J2" pin="6" pinfunction="SSRX+" pintype="output"/>
    </net>
    <net code="33" name="unconnected-(J2-Pad7)">
      <node ref="J2" pin="7" pinfunction="DRAIN" pintype="passive"/>
    </net>
    <net code="34" name="unconnected-(J2-Pad8)">
      <node ref="J2" pin="8" pinfunction="SSTX-" pintype="input"/>
    </net>
    <net code="35" name="unconnected-(J2-Pad9)">
      <node ref="J2" pin="9" pinfunction="SSTX+" pintype="input"/>
    </net>
    <net code="36" name="unconnected-(J3-Pad2)">
      <node ref="J3" pin="2" pinfunction="D-" pintype="bidirectional"/>
    </net>
    <net code="37" name="unconnected-(J3-Pad3)">
      <node ref="J3" pin="3" pinfunction="D+" pintype="bidirectional"/>
    </net>
    <net code="38" name="unconnected-(J4-Pad2)">
      <node ref="J4" pin="2" pinfunction="D-" pintype="bidirectional"/>
    </net>
    <net code="39" name="unconnected-(J4-Pad3)">
      <node ref="J4" pin="3" pinfunction="D+" pintype="bidirectional"/>
    </net>
    <net code="40" name="unconnected-(J5-Pad2)">
      <node ref="J5" pin="2" pinfunction="P2" pintype="passive"/>
    </net>
    <net code="41" name="unconnected-(J5-Pad9)">
      <node ref="J5" pin="9" pinfunction="P9" pintype="passive"/>
    </net>
    <net code="42" name="unconnected-(J5-Pad10)">
      <node ref="J5" pin="10" pinfunction="P10" pintype="passive"/>
    </net>
    <net code="43" name="unconnected-(J5-Pad12)">
      <node ref="J5" pin="12" pinfunction="P12" pintype="passive"/>
    </net>
    <net code="44" name="unconnected-(J5-Pad13)">
      <node ref="J5" pin="13" pinfunction="P13" pintype="passive"/>
    </net>
    <net code="45" name="unconnected-(J5-Pad14)">
      <node ref="J5" pin="14" pinfunction="P14" pintype="passive"/>
    </net>
    <net code="46" name="unconnected-(J5-Pad15)">
      <node ref="J5" pin="15" pinfunction="P15" pintype="passive"/>
    </net>
    <net code="47" name="unconnected-(J5-Pad16)">
      <node ref="J5" pin="16" pinfunction="P16" pintype="passive"/>
    </net>
    <net code="48" name="unconnected-(J5-Pad18)">
      <node ref="J5" pin="18" pinfunction="P18" pintype="passive"/>
    </net>
    <net code="49" name="unconnected-(J5-Pad19)">
      <node ref="J5" pin="19" pinfunction="P19" pintype="passive"/>
    </net>
    <net code="50" name="unconnected-(J5-Pad20)">
      <node ref="J5" pin="20" pinfunction="P20" pintype="passive"/>
    </net>
    <net code="51" name="unconnected-(J5-Pad21)">
      <node ref="J5" pin="21" pinfunction="P21" pintype="passive"/>
    </net>
    <net code="52" name="unconnected-(J5-Pad22)">
      <node ref="J5" pin="22" pinfunction="P22" pintype="passive"/>
    </net>
    <net code="53" name="unconnected-(J5-Pad24)">
      <node ref="J5" pin="24" pinfunction="P24" pintype="passive"/>
    </net>
  </nets>
</export>
